{
  "extractor": "resnet18",
  "kernel": "linear",
  "C": 1.0,
  "probability": false,
  "use_pca": true,
  "pca_components": 128,
  "train_shape": [
    5718,
    512
  ],
  "valid_shape": [
    1758,
    512
  ],
  "accuracy": 0.9812286689419796,
  "precision": 0.5555555555555556,
  "recall": 0.875,
  "f1": 0.6796116504854369,
  "AP": 0.7487810603451233,
  "confusion_matrix": [
    [
      1690,
      28
    ],
    [
      5,
      35
    ]
  ]
}